ticker,ex_date,dividend_rate,car,n_valid_days
LITE,2020-12-21,1.0,-0.04396446006939292,5
CARG,2020-12-15,1.9,0.0005817030722871097,5
CTHR,2020-12-16,1.45,0.018375656768796045,4
CARS,2020-12-21,0.75,0.038188658178285206,5
RIL,2020-12-22,0.1,-0.0553678783690259,5
AUTO,2020-12-24,0.3,-0.05687899636613081,5
VLL,2021-01-04,0.1,-0.0440104244010715,5
UML,2021-01-05,1.5,-0.0731010154133912,6
BUKI,2021-01-07,0.6,-0.1181072858768516,8
LPRT,2021-01-19,2.25,-0.263519268572484,10
DIMO,2021-01-18,2.5,-0.13709888725101582,11
LFIN,2021-02-02,12.0,0.057650948131090396,11
HPL,2021-02-09,0.5,-0.012107142365310963,11
JKH,2021-02-09,0.5,0.06951764956831263,11
BPPL,2021-02-10,0.24,-0.04812166538385332,11
CERA,2021-02-11,1.3,-0.20906659953290363,11
KFP,2021-02-12,7.0,0.08575916360071034,11
CCS,2021-02-15,8.5,0.034413049000531326,11
VPEL,2021-02-16,0.3,-0.004979748469627676,11
PAP,2021-02-16,0.12,0.046626742407774424,11
GRAN,2021-02-16,9.0,-0.14755218327191488,11
TAFL,2021-02-16,11.0,-0.06225720032653215,11
SUN,2021-02-16,1.0,-0.08861880991798232,11
CARE,2021-02-17,1.0,-0.014958724596874973,11
TILE,2021-02-23,12.3,-0.1682845040608778,11
PARQ,2021-02-23,4.1,-0.13147061071363375,11
LWL,2021-02-23,10.0,-0.20462112939345567,11
RCL,2021-02-23,11.0,-0.23452271102136957,11
TJL,2021-02-23,1.65,0.049339946028372994,11
CTC,2021-05-28,11.35,-0.19278167873037844,11
SAMP,2021-03-31,2.75,-0.07123393427787428,11
NDB,2021-03-02,1.5,0.0059041794154395255,11
HNB,2021-03-31,4.5,-0.06573903622778199,11
HNB,2021-03-31,4.5,-0.06573903622778199,11
HASU,2021-04-01,2.8,-0.1840629233835973,11
DIAL,2021-06-25,0.74,-0.2134412311426661,11
VONE,2021-03-04,0.5,0.030135726960336617,11
CSD,2021-03-31,1.2,0.15870252087945946,11
COMD,2021-04-01,3.5,0.22529673844790188,11
COMB,2021-03-31,4.5,-0.18861230593500966,11
COMB,2021-03-31,4.5,-0.18861230593500966,11
NTB,2021-03-09,2.0,-0.008256035876806234,11
NTB,2021-03-09,2.0,-0.008256035876806234,11
LLUB,2021-03-09,2.0,-0.03131685183166477,11
HAYC,2021-03-17,1.4,-0.015325785659400237,11
MGT,2021-03-17,0.25,-0.04950923879128577,11
DIPD,2021-03-17,1.0,-0.03946386584244177,11
HEXP,2021-03-17,0.25,0.033119972784038776,11
KVAL,2021-03-17,1.0,-0.06557402989474281,11
HPFL,2021-03-19,1.0,-0.15858175998243895,11
CIC,2021-03-19,1.0,-0.03816235879961105,11
CIC,2021-03-19,1.0,-0.03816235879961105,11
AAIC,2021-03-24,2.5,-0.055779553164593265,11
SLTL,2021-04-27,1.49,0.2851721136075325,11
SINS,2021-03-23,0.3,-0.017849080106751014,11
ALUM,2021-03-23,0.4,0.02725151761925315,11
COLO,2021-03-23,5.0,-0.0650464655577524,11
ASIY,2021-03-23,0.08,0.01208349001132314,11
TSML,2021-03-24,1.5,0.07646127726113194,7
JKL,2021-03-25,1.0,-0.034057092380979426,9
ETWO,2021-03-26,0.65,-0.0849018366852099,6
AMSL,2021-03-26,0.6,0.20312759447628426,11
ASIR,2021-03-26,0.8,0.29716720178514167,11
LHCL,2021-03-31,0.75,0.2933718915531254,11
REXP,2021-04-05,25.0,0.0401045786686568,10
NAMU,2021-04-06,8.5,0.6343355307341676,10
KGAL,2021-04-06,4.0,-0.006275349224283078,10
REG,2021-04-07,2.6,0.26728641151477595,10
CFVF,2021-04-07,5.0,-0.1902082756071164,11
HAYL,2021-04-08,1.0,0.10409578552754073,10
MCPL,2021-04-08,0.75,0.028282172489128676,9
RICH,2021-04-08,0.5,-0.012312816378695302,10
UAL,2021-04-09,14.0,-0.05803207288840395,11
UBC,2021-04-12,0.13,0.1270677591678594,11
LITE,2021-04-15,1.0,0.2195052725742257,11
BFL,2021-04-15,3.0,-0.012913499831750275,10
AGST,2021-07-01,0.2,0.05367105726825627,10
AGST,2021-07-01,0.2,0.05367105726825627,10
GRAN,2021-04-21,4.5,-0.009866011479872316,11
TAFL,2021-04-21,5.5,0.008804354369937983,10
UCAR,2021-06-11,14.0,0.1914391582193441,8
SDB,2021-05-31,2.25,-0.2709217546487903,11
PDL,2021-06-10,3.5,0.33752394704705624,8
PINS,2021-06-29,3.0,0.2325143836987945,11
ALUM,2021-06-30,0.1,0.47464653852729066,11
MGT,2021-06-29,0.1,-0.013740663904831418,10
VLL,2021-05-21,0.125,0.35579648803491526,11
HEXP,2021-06-30,1.75,-0.07361722245435853,10
KVAL,2021-06-28,1.5,-0.009260203601624273,10
LLUB,2021-05-24,5.0,0.22401432976575075,11
TPL,2021-06-28,1.5,0.3798948646662317,11
SINS,2021-05-28,0.25,0.2778373646744987,11
CHL,2021-05-28,3.2,0.11707123223347016,9
CHL,2021-05-28,3.2,0.11707123223347016,9
GLAS,2021-07-26,0.58,0.09180887929166925,10
CTC,2021-05-28,19.0,-0.19278167873037844,11
DIPD,2021-06-30,0.6,0.008157779939550469,11
CCS,2021-05-31,4.0,-0.19571361754333305,10
KFP,2021-05-31,2.5,-0.1303138613797421,11
AEL,2021-06-01,0.5,-0.06272832837505693,10
HAYC,2021-06-28,0.5,-0.30214594215911417,11
LIOC,2021-11-30,0.85,-0.11881729013370546,10
CERA,2021-07-01,0.9,0.33702761435883555,9
CIC,2021-07-01,1.25,0.2039828539705778,11
CIC,2021-07-01,1.25,0.2039828539705778,11
JKL,2021-06-03,2.29,0.0022042726071968,9
HHL,2021-07-01,1.45,-0.1937553774018982,11
CHMX,2021-07-01,1.0,0.1140581090228745,11
SPEN,2021-07-01,1.0,0.4483156275438208,11
WATA,2021-06-28,3.0,0.2650362961999184,10
JKH,2021-06-04,0.5,-0.022480623132354327,11
SUN,2021-06-28,0.5,0.25415030546771245,6
CFIN,2021-07-01,2.3,0.08128324135893283,11
SIL,2021-06-08,2.0,-0.09446279515007494,8
PARQ,2021-06-08,1.05,0.025873219766056388,7
LWL,2021-06-08,3.1,-0.3663599992210501,8
TILE,2021-06-08,2.2,-0.41025128067184524,8
DIMO,2021-06-09,12.5,0.5429995512261598,11
RCL,2021-06-09,1.2,-0.06785911262585198,10
CIND,2021-07-20,2.0,-0.08945988554920492,10
VONE,2021-06-10,1.0,0.10766282053470422,10
UML,2021-07-28,1.0,-0.03905062264517756,10
VFIN,2021-06-14,6.0,-0.02343001178237214,10
LFIN,2021-07-01,4.0,0.38058679593808353,11
ALLI,2021-07-05,5.5,0.3940494149235414,10
WIND,2021-06-14,0.75,0.062087234182832796,5
CARG,2021-06-30,4.1,-0.1702560908190467,11
CTHR,2021-07-02,2.9,-0.04993100139378781,9
CTBL,2021-06-21,0.35,0.35526471832805806,11
SFIN,2021-06-21,0.8,0.3133354805778473,11
JINS,2021-07-06,2.0,0.01752381170661388,11
DIST,2021-06-22,0.7,-0.15615553624629475,11
MELS,2021-06-23,2.75,0.36136200111589445,11
EXPO,2021-07-01,1.17,-0.062120586160484104,10
CDB,2021-08-02,7.5,-0.0851380373554751,8
CDB,2021-08-02,7.5,-0.0851380373554751,8
TKYO,2021-07-02,1.25,-0.2084276364842198,11
TKYO,2021-07-02,1.25,-0.2084276364842198,11
AGST,2021-07-16,0.2,0.05367105726825627,10
AGST,2021-07-16,0.2,0.05367105726825627,10
CWM,2021-08-19,7.0,-0.017437215307798848,9
LION,2021-07-07,14.4,-0.06917541945501537,8
RIL,2021-08-02,0.15,0.02125157467488825,10
PLR,2021-07-09,0.4,-0.051629772467668644,5
HPL,2021-07-09,0.5,-0.12290521398167609,9
PAP,2021-07-09,0.14,-0.034318752190475976,10
CARE,2021-07-09,1.0,-0.1220710846609866,8
MAL,2021-07-30,0.1,0.026201210203507297,9
MAL,2021-07-30,0.1,0.026201210203507297,9
TKYO,2021-08-26,0.85,-0.2084276364842198,11
TKYO,2021-08-26,0.85,-0.2084276364842198,11
SFCL,2021-09-02,1.16,-0.0462942138499306,5
TJL,2021-08-24,1.15,0.159553523869725,11
ASHO,2021-09-21,2.0,-0.15951851354804247,8
MCPL,2021-09-28,1.5,0.028282172489128676,9
SHAW,2021-09-28,1.0,0.2637562327490349,11
LMF,2021-10-01,5.0,-0.05559524101415858,10
HUNT,2021-11-08,10.0,0.21424354568581594,9
CARS,2021-09-17,1.5,0.026211526308830058,10
ALUM,2021-10-08,0.1,0.47464653852729066,11
DIPD,2021-10-08,0.95,0.008157779939550469,11
MGT,2021-10-08,0.4,-0.013740663904831418,10
HEXP,2021-10-11,1.0,-0.07361722245435853,10
KVAL,2021-10-11,0.7,-0.009260203601624273,10
LHCL,2021-10-12,1.0,0.28676196465744974,11
LPRT,2021-11-01,1.75,0.14617463186047186,7
EBCR,2021-11-12,1.0,-0.1740684953591184,11
UCAR,2021-10-22,15.0,0.1914391582193441,8
HHL,2021-10-28,2.9,-0.1937553774018982,11
CIC,2021-11-02,1.0,0.2039828539705778,11
CIC,2021-11-02,1.0,0.2039828539705778,11
BFL,2021-11-03,3.0,-0.012913499831750275,10
RICH,2021-11-05,0.6,-0.012312816378695302,10
APLA,2021-11-08,10.0,0.07814765938477009,10
LLUB,2021-11-09,4.0,0.22401432976575075,11
PARQ,2021-11-09,0.8,0.025873219766056388,7
LWL,2021-11-10,3.1,-0.3663599992210501,8
TILE,2021-11-10,3.0,-0.41025128067184524,8
JKH,2021-11-12,0.5,-0.022480623132354327,11
RCL,2021-11-12,1.5,-0.06785911262585198,10
AMSL,2021-11-16,1.2,0.3826299467444694,11
ASIR,2021-11-16,1.3,0.5579658391636317,11
HPFL,2021-11-19,1.0,0.05605147943374833,11
LION,2021-11-19,3.68,-0.06917541945501537,8
CTC,2021-11-22,15.0,-0.19278167873037844,11
DIST,2021-11-22,0.86,-0.15615553624629475,11
MELS,2021-11-22,2.7,0.36136200111589445,11
WATA,2021-11-22,6.0,0.2650362961999184,10
GLAS,2021-11-23,0.25,0.09180887929166925,10
SUN,2021-11-23,0.5,0.25415030546771245,6
VLL,2021-11-26,0.18,0.35579648803491526,11
VLL,2021-11-26,0.18,0.35579648803491526,11
COMD,2021-11-29,2.5,0.22529673844790188,11
ASIY,2021-11-30,0.1,0.2862615848769192,11
CARG,2021-11-30,2.0,-0.1702560908190467,11
CTHR,2021-11-30,1.55,-0.04993100139378781,9
PACK,2021-11-30,0.2,-0.03773983615464094,5
JAT,2021-12-02,0.32,0.051189836802857824,5
BREW,2021-12-07,6.31,-0.014129391643491251,5
CTEA,2021-12-10,15.0,0.332958981201799,10
CFIN,2021-12-13,1.5,0.08128324135893283,11
VONE,2021-12-15,1.5,0.10766282053470422,10
WIND,2021-12-15,0.55,0.062087234182832796,5
TPL,2021-12-29,0.65,0.3798948646662317,11
MGT,2022-01-06,0.4,-0.06053160658433421,10
HAYC,2022-01-07,0.75,-0.3286300039031441,11
KVAL,2022-01-07,0.25,-0.017778719688373745,10
SINS,2022-01-07,0.35,0.4231040064487057,11
ALUM,2022-01-10,0.2,0.44955253691155794,11
DIPD,2022-01-10,0.45,-0.028100222131806962,11
HEXP,2022-01-10,0.75,-0.07357093158825012,10
CARE,2022-01-25,4.0,-0.10344246797327561,11
LFIN,2022-01-27,3.0,-0.1219696966296494,11
LHCL,2022-02-01,1.0,0.11467568657449057,11
JAT,2022-02-07,0.25,0.021024066625796145,11
JKH,2022-02-07,0.5,0.0048107541064291715,11
ONAL,2022-02-07,2.1,-0.061714836350605706,11
VPEL,2022-02-22,0.35,-0.019876329268740833,11
BPPL,2022-02-23,0.24,0.003448521940932703,11
COLO,2022-02-23,5.0,-0.12519177908122237,11
GLAS,2022-02-25,0.25,-0.08895484186935121,11
COCR,2022-02-28,1.0,-0.14523193742190144,11
TJL,2022-02-28,0.85,0.042478682186051775,11
SAMP,2022-03-31,4.25,-0.2348198977266147,11
HASU,2022-04-01,3.2,0.10254228321713688,11
HNB,2022-03-31,6.5,-0.3413978716188165,11
HNB,2022-03-31,6.5,-0.3413978716188165,11
NEST,2022-06-10,35.0,0.08407881543238083,10
LITE,2022-03-04,0.75,0.02911936684630445,11
CSD,2022-03-31,1.4,-0.23754034248308653,11
OSEA,2022-04-28,1.25,0.02114752484477167,11
GRAN,2022-03-08,6.0,-0.19401051910141953,11
TAFL,2022-03-08,10.0,-0.16321301819139433,11
EBCR,2022-03-09,0.5,0.01855922100121654,11
LLUB,2022-03-09,2.0,-0.06386444103496602,11
COMB,2022-03-31,4.5,-0.1990739985320018,11
COMB,2022-03-31,4.5,-0.1990739985320018,11
COMD,2022-04-01,4.0,-0.10117900268029956,10
KFP,2022-03-10,7.0,0.07826290518652046,11
PARQ,2022-03-10,1.0,-0.2012997347620119,11
TILE,2022-03-10,1.8,-0.22431159469121298,11
UAL,2022-03-10,22.0,0.215959894883602,11
AAIC,2022-03-11,2.8,-0.10300399399163307,11
LWL,2022-03-11,1.7,-0.05922280037115313,11
RCL,2022-03-14,1.5,-0.058393525139531,11
PACK,2022-03-16,0.2,0.012729119416443613,11
UML,2022-03-16,1.5,-0.08045126679348713,11
CCS,2022-03-21,0.8,0.018514169729441754,11
ETWO,2022-03-23,0.65,0.011910910385145024,3
MELS,2022-03-28,2.7,0.14765792789760168,11
DIST,2022-03-28,0.7,0.0002480062584319098,11
HAYL,2022-03-28,4.0,-0.2153359723792485,11
PAP,2022-03-28,0.2,-0.07669106747420462,11
SLTL,2022-06-21,2.02,-0.07698729773149893,10
TSML,2022-03-29,1.0,0.05889238796069529,9
ALLI,2022-03-30,6.5,-0.21584690580249488,11
LMF,2022-03-30,5.0,-0.12809814866045655,11
NDB,2022-04-01,1.0,-0.35330106400325767,11
MCPL,2022-04-04,1.0,-0.0737075409766823,9
GREG,2022-04-04,3.0,0.09417464392721597,11
AMSL,2022-04-05,0.9,-0.08774635719099999,11
ASIR,2022-04-05,1.2,-0.2832377567725822,11
KGAL,2022-04-05,5.0,0.1611788300895851,11
NAMU,2022-04-05,10.0,-0.12577099935733527,11
BFL,2022-04-06,6.0,-0.024580599843738615,11
REXP,2022-04-06,28.0,0.10050950605736753,11
ALUM,2022-04-08,0.2,-0.12665211177353808,11
DIPD,2022-04-08,0.5,-0.1741853975961003,11
HAYC,2022-04-08,0.75,0.1446663578146875,11
KVAL,2022-04-08,1.0,0.3739567575625308,11
PINS,2022-04-08,1.5,-0.30533233103767654,11
HEXP,2022-04-25,0.5,-0.010331161959276525,11
MGT,2022-04-25,0.3,-0.16015467444145215,11
SINS,2022-04-25,0.2,-0.377204019220839,11
CINS,2022-05-23,42.0,0.006906067043374375,3
CINS,2022-05-23,42.0,0.006906067043374375,3
JINS,2022-05-04,2.3,0.5043442196298997,11
DOCK,2022-05-05,1.0,-0.13787340841462425,11
SDF,2022-05-05,0.5,-0.1990817329522857,11
CTEA,2022-05-18,25.0,0.13204972550186,8
UCAR,2022-06-13,10.0,-0.29537552065441763,6
SDB,2022-05-31,1.5,-0.2748969469897833,11
MGT,2022-06-30,1.0,-0.16015467444145215,11
CTC,2022-05-24,10.0,0.016000962614618808,11
SPEN,2022-05-24,4.0,0.046694590941347536,10
KVAL,2022-06-29,2.5,0.3739567575625308,11
LION,2022-05-25,17.25,0.1695940174019963,5
SINS,2022-05-25,0.2,-0.377204019220839,11
TPL,2022-06-29,5.0,0.026971408039019984,10
AEL,2022-05-26,0.75,-0.3961996215954303,11
ELPL,2022-05-26,3.0,-0.03645689912003358,11
HEXP,2022-06-29,0.3,-0.010331161959276525,11
CCS,2022-05-30,0.33,-0.09745642794261111,11
CHL,2022-05-30,5.0,0.29526935183557645,9
CHL,2022-05-30,5.0,0.29526935183557645,9
KFP,2022-05-30,0.5,0.1181570048072823,7
DIPD,2022-06-29,0.15,-0.1741853975961003,11
HAYC,2022-06-29,0.4,0.1446663578146875,11
HHL,2022-06-29,1.95,0.25192004901266685,11
ASPM,2022-06-01,11.0,0.029939781852683534,1
JKH,2022-06-01,0.5,0.02736871361289861,11
SIL,2022-06-02,2.0,0.06689236340297533,2
CIC,2022-07-01,1.0,0.0989456408358913,10
CIC,2022-07-01,1.0,0.0989456408358913,10
PLR,2022-06-03,0.7,-0.08395243511418993,11
ALUM,2022-06-30,0.25,-0.12665211177353808,11
PARQ,2022-06-06,0.9,-0.2748507525572589,11
CWM,2022-07-29,10.0,0.5029655884703526,11
WATA,2022-06-27,8.0,-0.23389283370184666,11
TILE,2022-06-07,1.9,-0.35105643109944806,11
SUN,2022-06-27,0.5,0.017721278108213112,11
LWL,2022-06-08,2.9,-0.4041064422941806,11
VLL,2022-06-08,0.1,-0.0270326981014547,11
VLL,2022-06-08,0.1,-0.0270326981014547,11
DIAL,2022-06-22,1.24,-0.021009580660954374,11
ASIY,2022-06-09,0.13,0.0914364974699523,10
DIMO,2022-06-09,12.5,0.07324672209831973,11
RCL,2022-06-09,0.75,-0.4038518069036936,11
ASHO,2022-08-12,10.0,0.013356186018084526,6
CHMX,2022-07-01,2.0,0.38173180101350124,10
LFIN,2022-07-01,2.0,-0.262243772424234,11
MAL,2022-06-28,0.12,0.1569721781943333,9
MAL,2022-06-28,0.12,0.1569721781943333,9
UML,2022-06-30,0.5,-0.07463792754741039,10
CINV,2022-06-13,0.75,-0.2344915500488055,11
GUAR,2022-06-13,2.0,-0.20450877917776777,10
RIL,2022-07-01,0.2,-0.09770441399011398,11
CFIN,2022-07-01,2.0,-0.057247996048251926,11
BREW,2022-06-17,29.75,0.07166266005179911,3
CERA,2022-06-30,2.6,-0.06861180087228547,8
VFIN,2022-06-20,2.0,-0.3106386795745182,11
HUNT,2022-06-22,5.41,0.2862808727044669,6
COOP,2022-08-08,0.14,0.19355475350929519,11
EXPO,2022-07-01,8.19,-0.23653933372240576,11
CTBL,2022-07-04,0.36,0.3755675559645225,11
JAT,2022-07-04,0.38,-0.2751434768110226,11
CARS,2022-07-06,1.5,-0.01349229392295448,9
PACK,2022-07-07,0.4,0.26276281200966833,11
CARG,2022-07-29,5.0,0.3693447673845338,11
CTHR,2022-08-01,3.0,0.3017365321578317,7
CDB,2022-08-01,3.75,-0.04956273672402656,8
CDB,2022-08-01,3.75,-0.04956273672402656,8
SFCL,2022-09-01,1.4,-0.2078509826046574,5
LIOC,2022-08-08,2.25,-0.09263573477861098,10
LCBF,2022-08-01,0.06,-0.0387445966601454,11
AAF,2022-07-21,0.7,0.3458659726596045,11
BUKI,2022-07-25,1.1,-0.19335224653390304,6
HPL,2022-07-27,1.0,-0.01274651571899954,10
SFIN,2022-08-01,0.8,-0.2888279410258454,11
LMF,2022-08-03,2.5,-0.08405704577289141,11
TJL,2022-08-19,1.5,-0.07295661095355921,11
EXT,2022-08-31,0.07,-0.09921316100583077,6
HBS,2022-08-26,0.3,-0.07266826376050461,11
APLA,2022-08-10,15.0,-0.1527847472987489,11
SOY,2022-09-13,3.5,0.017003652450714668,4
COCR,2022-09-12,2.0,-0.14895325683065574,11
KCAB,2022-08-16,6.5,-0.1501529215677796,11
CABO,2022-08-19,1.0,-0.13358661014289297,7
RCH,2022-08-19,0.5,-0.04485580355727625,6
RENU,2022-08-19,2.0,0.3682668443656263,7
COCO,2022-09-08,0.41,-0.012779275404918522,10
COCO,2022-09-08,0.41,-0.012779275404918522,10
RAL,2022-09-08,0.2,-0.2034100662747218,10
CTC,2022-08-23,10.0,0.016000962614618808,11
DIST,2022-08-23,0.5,0.019869054924518625,11
SHAW,2022-09-27,1.0,0.07642860145816832,3
CWL,2022-08-29,0.2,-0.17418989792549944,11
LHCL,2022-08-30,2.0,0.19325284329162395,10
ASIY,2022-09-02,0.35,0.0914364974699523,10
ACL,2022-09-05,1.0,-0.009362350976989342,11
TYRE,2022-09-05,5.0,-0.026341572746908404,11
ALLI,2022-09-21,8.0,-0.222658524671575,11
MCPL,2022-09-30,1.5,-0.0737075409766823,9
RWSL,2022-09-30,0.15,0.24524451599651031,11
CARE,2022-09-08,4.0,0.07718377358225292,10
ABAN,2022-09-29,5.0,-0.066008884834027,9
CTEA,2022-09-30,15.0,0.13204972550186,8
LUMX,2022-09-28,0.4,0.017630433913233268,5
MDL,2022-09-23,0.25,-0.36520353470998124,11
HPWR,2022-09-13,0.55,-0.4363287165666192,11
HUNT,2022-10-03,10.0,0.2862808727044669,6
LITE,2022-09-15,1.0,0.03006180509891343,11
EMER,2022-10-03,0.15,-0.09644222758363752,10
EBCR,2022-09-19,1.0,0.19883389061587464,11
LPRT,2022-10-03,2.0,0.08124221674047172,2
SLND,2022-09-30,25.0,0.0015404624967185754,1
MGT,2022-09-23,1.0,-0.16015467444145215,11
TPL,2022-09-23,3.0,0.026971408039019984,10
KVAL,2022-09-26,2.5,0.3739567575625308,11
SDF,2022-09-27,0.5,-0.1990817329522857,11
DIPD,2022-10-11,1.25,-0.1741853975961003,11
HAYC,2022-10-12,2.75,0.1446663578146875,11
HEXP,2022-10-12,2.0,-0.010331161959276525,11
UCAR,2022-10-20,15.0,-0.29537552065441763,6
ONAL,2022-11-04,0.6,0.10141140636101031,4
ONAL,2022-11-04,1.5,0.10141140636101031,4
LLUB,2022-11-11,5.0,0.15230618643766247,11
JKH,2022-11-16,1.0,0.02736871361289861,11
MELS,2022-11-16,2.35,0.1300344876155417,11
PACK,2022-11-16,1.35,0.26276281200966833,11
CARG,2022-11-17,3.5,0.3693447673845338,11
DIST,2022-11-17,0.6,0.019869054924518625,11
HHL,2022-11-17,0.4,0.25192004901266685,11
CTHR,2022-11-18,2.45,0.3017365321578317,7
WATA,2022-11-21,6.0,-0.23389283370184666,11
PINS,2022-11-22,1.0,-0.30533233103767654,11
CTC,2022-11-23,9.0,0.016000962614618808,11
HPL,2022-11-25,0.5,-0.01274651571899954,10
LION,2022-11-30,13.6,0.1695940174019963,5
EXT,2022-12-01,0.2,-0.09921316100583077,6
JAT,2022-12-12,0.45,-0.2751434768110226,11
CFIN,2022-12-19,2.5,-0.057247996048251926,11
COMD,2022-12-22,3.0,-0.10117900268029956,10
DIPD,2023-01-11,1.0,-0.04058423104049347,11
HAYC,2023-01-11,1.5,-0.09188953626613061,11
HEXP,2023-01-11,1.0,0.0035590651980889065,11
KVAL,2023-01-11,3.0,-0.039254608148785786,11
MGT,2023-01-11,0.2,-0.01713542366859011,11
TPL,2023-01-11,5.0,-0.08759841443988747,11
REXP,2023-01-17,35.0,-0.09762846929670321,11
KGAL,2023-01-19,7.0,-0.13029449053548914,11
NAMU,2023-01-19,14.0,-0.0948310774786838,11
BREW,2023-01-27,23.0,0.003950707816612109,6
CTC,2023-02-08,30.0,0.008139251997596686,11
DIST,2023-02-08,1.1,-0.018163817068494015,11
MELS,2023-02-08,1.7,0.005105481923264543,11
CTEA,2023-02-21,10.0,-0.0009480107556314454,5
KFP,2023-02-21,1.5,-0.05603162279990015,10
VLL,2023-02-21,0.1,-0.025455690188068147,11
VLL,2023-02-21,0.1,-0.025455690188068147,11
CARE,2023-02-22,2.0,-0.153616018413271,11
CCS,2023-02-28,0.86,0.0588565221373184,11
HASU,2023-04-03,3.65,-0.039866213718582566,11
SAMP,2023-03-31,3.45,0.008558448969519072,11
NEST,2023-03-01,55.0,-0.05814932757969027,10
OSEA,2023-04-27,1.25,-0.06950901889907257,11
CSD,2023-03-31,1.2,-0.13555495687263808,11
COMD,2023-04-03,4.0,-0.0934436578223593,11
ETWO,2023-03-10,0.5,-0.07295341571356473,7
COLO,2023-03-13,5.0,-0.038630657013127845,10
CTC,2023-03-13,30.0,-0.021626049790852364,11
AAIC,2023-03-15,3.5,0.054915044757721576,11
LITE,2023-03-16,1.0,-0.028492443200859197,11
PARQ,2023-03-16,1.1,-0.049182627579310134,11
TILE,2023-03-17,6.5,-0.14635486163324896,11
JKL,2023-03-20,2.95,-0.04574397940382957,11
LWL,2023-03-20,6.3,-0.165432080858949,11
TSML,2023-03-20,6.67,-0.08272115227697341,11
RCL,2023-03-21,2.4,-0.1449812732475494,11
PACK,2023-03-22,0.72,-0.07113899259453971,11
DIPD,2023-03-24,0.6,-0.031460999678298296,11
HAYC,2023-03-24,1.0,-0.028915186630671275,11
HAYL,2023-03-24,5.35,-0.06157645624464014,11
HEXP,2023-03-24,0.5,-0.018815370342940896,11
KVAL,2023-03-24,3.0,0.009861878807353675,11
MGT,2023-03-24,0.3,0.056425037801098865,11
TPL,2023-03-24,6.0,-0.051953390151430856,11
BALA,2023-04-04,2.0,-0.044501503009785726,11
LHCL,2023-04-04,1.5,-0.04709446872632517,11
UML,2023-04-06,1.0,-0.03249265001918089,10
LMF,2023-04-12,5.0,0.006640132614346483,11
CTC,2023-05-29,20.3,-0.04028184498016385,11
FCT,2023-04-17,1.5,-0.007896712670448558,11
CFVF,2023-04-19,2.25,-0.11786468725828436,11
CINS,2023-05-29,45.0,0.018899702666912765,5
CINS,2023-05-29,45.0,0.018899702666912765,5
TPL,2023-04-20,17.35,-0.09228955376802572,11
SLTL,2023-05-12,0.25,-0.01708940414322624,11
LFIN,2023-04-25,2.0,-0.03447145190740397,11
GLAS,2023-07-20,1.66,-0.11504279090660541,11
ONAL,2023-05-09,2.3,-0.08119942819560444,9
MAL,2023-06-26,0.16,-0.1298947821007722,7
MAL,2023-06-26,0.16,-0.1298947821007722,7
EXT,2023-05-17,0.4,0.014874449679686874,11
CHL,2023-05-22,2.3,0.02029775398045497,5
CHL,2023-05-22,2.3,0.02029775398045497,5
CARG,2023-05-26,8.5,-0.01605973577409814,10
CTHR,2023-05-26,6.0,0.012378424245930164,7
DIPD,2023-06-28,0.5,0.03471897657549483,11
HAYC,2023-07-04,1.0,0.01585586274533557,11
KVAL,2023-06-27,1.5,-0.04609108930281214,11
MGT,2023-06-26,0.1,0.009120920169802704,11
CCS,2023-05-30,0.44,0.05748904275774147,11
ELPL,2023-05-30,19.0,-0.31177182756324406,11
KFP,2023-05-30,0.5,-0.011089450685075941,9
LION,2023-05-30,28.3,-0.003183633129617336,9
BOPL,2023-05-31,1.5,-0.0005453060790562292,10
HOPL,2023-07-04,1.0,0.02633356823745392,11
JKH,2023-06-01,0.5,0.011294297854790303,11
CHMX,2023-07-04,2.5,0.028713405429113825,10
HHL,2023-07-04,1.95,-0.016693991171628952,11
JINS,2023-06-01,2.65,-0.0024367430033290782,11
CIC,2023-07-04,2.5,-0.023354185948397554,11
CIC,2023-07-04,2.5,-0.023354185948397554,11
SUN,2023-06-26,1.15,0.0502567736412417,11
PLR,2023-06-06,1.0,-0.10255639398889493,11
SIL,2023-06-06,2.0,-0.018903037115859833,6
ASHO,2023-08-14,5.0,0.022432103201886266,9
CIND,2023-07-04,3.0,0.0755192172926279,11
HARI,2023-06-07,20.0,0.3743340138570431,5
SPEN,2023-07-04,4.0,-0.0022278746303372454,11
LWL,2023-07-04,0.9,0.04097044837825059,11
PARQ,2023-07-04,0.2,0.1272023209101093,11
TILE,2023-07-04,1.1,0.06894045134394033,11
ASIY,2023-06-09,0.35,-0.1311066485094654,11
CARE,2023-06-09,3.5,-0.13910726562012465,11
DIMO,2023-06-12,10.0,0.050266587810400165,11
CFIN,2023-07-04,1.75,0.011512061214607572,11
LFIN,2023-07-04,3.0,-0.02546670064630796,11
RCL,2023-07-04,0.5,0.07615439450483885,11
CDB,2023-08-03,5.0,-0.07006280639961215,10
CDB,2023-08-03,5.0,-0.07006280639961215,10
JAT,2023-06-19,0.49,-0.007261124263229668,11
LIOC,2023-07-04,4.0,-0.030871912042966576,11
BREW,2023-06-22,28.84,-0.0825285224508191,8
CWM,2023-07-28,12.0,-0.17815504346658662,11
DIST,2023-06-27,1.75,-0.10944051578903291,11
MELS,2023-06-27,2.71,0.08416034113886728,11
RICH,2023-07-04,0.5,0.08372787275329585,11
HBS,2023-08-18,0.35,-0.03537495941309576,11
CARS,2023-07-13,2.1,-0.08592033169110658,11
BFL,2023-07-26,4.0,-0.0642522181851708,11
EXPO,2023-07-28,3.48,-0.04783421562058554,11
CTBL,2023-08-02,0.68,-0.20763282296595498,11
PLC,2023-08-04,0.7,-0.006972198814314767,11
SFCL,2023-08-16,0.65,-0.17109724989188047,5
SWAD,2023-09-11,1.5,-0.009563766514490313,1
SOY,2023-09-12,4.7,0.00015267403382612788,8
TJL,2023-08-21,0.75,0.07611949066274926,11
APLA,2023-08-09,15.0,-0.11440032998164318,11
KCAB,2023-08-09,6.5,-0.13593648286793203,11
LLUB,2023-08-10,2.0,0.0029738307408466724,11
MCPL,2023-10-02,1.5,-0.025144385163513805,11
ACL,2023-08-11,1.25,-0.10043043087374959,11
BRR,2023-08-24,0.2,0.16908234498807462,11
HPL,2023-08-11,1.0,-0.2586152221944763,11
HPFL,2023-08-15,1.4,0.039224047260612904,11
COCR,2023-08-31,1.0,-0.10504182545870389,11
CTC,2023-08-21,33.0,0.07270935784964783,11
GRAN,2023-08-21,6.0,0.3293312564730798,11
TAFL,2023-08-21,12.0,0.1863073535444313,11
BUKI,2023-08-24,1.8,-0.022507139966865486,10
LUMX,2023-09-27,0.25,0.02540196638260661,11
HUNT,2023-10-02,5.0,0.10621293555210076,6
CALT,2023-09-21,3.04,-0.026075616360542897,11
CABO,2023-09-27,1.0,-0.050157036142496,7
LPRT,2023-10-02,5.0,0.040373305148588834,7
RCH,2023-09-27,0.5,-0.07150395797685194,9
RENU,2023-09-27,2.0,0.028163131597094493,6
SHAW,2023-10-02,1.0,0.07596795922788291,8
ABAN,2023-09-25,5.0,-0.006801253976380317,11
RWSL,2023-10-02,0.2,-0.039639667714644555,11
SLND,2023-09-21,25.0,0.00225186649951159,4
ALLI,2023-09-27,5.0,-0.10548374875018451,11
CFLB,2023-10-02,0.25,-0.028807158197555305,11
CTEA,2023-10-02,15.0,0.03679646873663467,10
LCEY,2023-09-26,10.0,-0.18091399836048705,11
DIPD,2023-10-09,1.0,-0.03608358849449789,11
GREG,2023-10-09,1.7,-0.0678962239406824,11
MGT,2023-10-09,1.75,0.014018342980871124,11
HAYC,2023-10-10,2.0,0.00266595461603103,11
KVAL,2023-10-10,1.0,-0.02928674966224898,11
TPL,2023-10-10,3.5,-0.028832871986251174,11
AAF,2023-10-16,0.7,-0.032878974570745734,11
FCT,2023-10-20,10.0,-0.3673880137270501,11
UCAR,2023-10-24,18.0,0.04609357294454863,6
CFVF,2023-10-27,12.25,-0.428787458313297,11
GEST,2023-10-27,3.0,0.01982142413231902,11
SDF,2023-10-27,0.75,-0.08847359396708354,11
BFL,2023-10-30,3.3,0.04026613867400186,11
LHCL,2023-10-31,1.5,0.016619765628669514,11
LLUB,2023-11-03,4.0,-0.06274219903427314,11
CARG,2023-11-07,4.5,-0.04683847616342607,11
CTHR,2023-11-07,3.5,0.07596320149253799,10
DIST,2023-11-14,1.43,-0.00872077087243106,11
MELS,2023-11-14,4.27,-0.045932772943319766,11
JKH,2023-11-16,0.5,-0.004174020438416637,11
VLL,2023-11-17,0.25,0.006281867886845149,11
VLL,2023-11-17,0.25,0.006281867886845149,11
CTC,2023-11-20,36.0,0.009057113382962112,11
HHL,2023-11-20,0.4,0.01591141047510458,11
SFIN,2023-11-20,0.8,-0.0027632427418837757,11
WATA,2023-11-20,8.0,-0.07872783591962362,11
SUN,2023-11-21,1.0,0.052996741018003446,11
LION,2023-11-24,31.0,-0.05597566018764322,9
PACK,2023-11-24,0.3,-0.03633460862302107,11
ASIY,2023-11-27,0.2,-0.010700485643656998,11
ETWO,2023-11-29,0.5,0.013143153569671107,6
COMD,2023-12-05,3.0,-0.0885392816244217,11
HPWR,2023-12-11,1.25,-0.032427542095708195,11
BREW,2023-12-15,52.4,-0.006213166202898357,5
CFIN,2024-01-02,2.5,-0.049788296848994995,11
DIPD,2024-01-10,0.5,-0.028092295303669634,11
HAYC,2024-01-10,2.0,0.018447085647544825,11
HOPL,2024-01-10,1.25,0.021205903180251284,11
KVAL,2024-01-10,0.25,0.009133401679638609,11
MGT,2024-01-10,0.5,-0.0006605521047194918,11
TPL,2024-01-11,2.0,0.01556476552569952,11
CALT,2024-01-24,6.0,-0.229595006918756,11
HPL,2024-02-02,2.0,-0.10893871278219558,10
JKH,2024-02-12,0.5,0.028969515902317,11
GRAN,2024-02-13,12.0,-0.10465429167225704,11
TAFL,2024-02-13,16.0,-0.05997199280048826,11
WIND,2024-02-19,1.0,-0.0357359937175612,11
CARE,2024-02-20,1.0,-0.08927261911185058,10
CCS,2024-02-22,1.43,0.0632963248330971,11
AEL,2024-02-26,0.5,0.045569999160090524,11
CTEA,2024-02-26,10.0,-0.030398464943223957,8
HASU,2024-04-03,3.9,-0.10441559556158964,11
HNB,2024-04-01,4.0,0.14889332748562267,11
HNB,2024-04-01,4.0,0.14889332748562267,11
SAMP,2024-04-01,5.85,-0.021671282155708904,11
COMD,2024-03-28,4.0,0.0014857083152810535,11
PABC,2024-04-01,0.25,0.08579295420072641,11
DIAL,2024-06-14,1.34,-0.12171989777763492,11
DFCC,2024-02-29,3.0,-0.13485306513596673,11
BPPL,2024-03-04,0.18,0.01497128732484665,8
DIST,2024-03-04,0.7,-0.06590701633531482,11
JAT,2024-03-04,0.3,0.08892059812438657,11
COMB,2024-04-01,4.5,0.09858390341971912,11
COMB,2024-04-01,4.5,0.09858390341971912,11
OSEA,2024-04-25,1.25,-0.07086077061801643,11
SEYB,2024-04-01,1.0,0.10591507577726234,11
SEYB,2024-04-01,1.0,0.10591507577726234,11
AFS,2024-03-05,0.12,-0.054869168970152704,11
MELS,2024-03-05,2.0,-0.07017263150391151,11
LMF,2024-03-06,0.63,0.06697321139056811,11
NTB,2024-03-06,2.5,-0.038636476364628636,11
NTB,2024-03-06,2.5,-0.038636476364628636,11
VPEL,2024-03-06,1.75,-0.2430994550843708,11
UAL,2024-03-12,8.75,-0.08275355154127528,11
AAIC,2024-03-14,3.75,0.1529584003273382,11
LWL,2024-03-14,4.0,-0.12481387361899832,11
PARQ,2024-03-14,0.5,0.030459197764921564,11
TILE,2024-03-14,5.0,-0.10375703345911425,11
KGAL,2024-03-15,3.5,-0.019454256964670735,11
NAMU,2024-03-15,13.0,-0.033013588026741814,11
LITE,2024-03-18,1.5,-0.05366555374402571,11
RCL,2024-03-18,2.0,-0.033589571687961284,11
EBCR,2024-03-19,1.5,-0.06729195353163386,11
JKL,2024-03-19,2.9,-0.016517750128890896,11
LFIN,2024-03-19,2.25,-0.03716250371525809,11
PACK,2024-03-20,0.37,0.023257278690366978,11
REXP,2024-03-25,12.0,-0.06520101628628205,11
FCT,2024-03-26,4.5,-0.13717778118024648,11
NDB,2024-03-26,2.0,0.044380589775870005,11
CERA,2024-03-28,2.5,-0.1128176823078878,9
PAP,2024-04-02,0.2,-0.10758364080033056,11
ETWO,2024-04-05,0.5,-0.03577561669706841,7
CFVF,2024-04-09,5.0,-0.21167685959637283,11
DIPD,2024-04-09,0.25,-0.04437446083734298,11
HAYC,2024-04-09,1.0,-0.07139580115687172,11
HOPL,2024-04-09,0.4,-0.08151416548719881,11
KVAL,2024-04-09,2.5,-0.05182178869757492,11
MGT,2024-04-09,0.25,-0.06757073896498433,11
TPL,2024-04-09,4.0,-0.057872936639342565,11
HAYL,2024-04-10,5.35,-0.0776561139357741,11
ONAL,2024-04-25,2.0,-0.13841904506288683,11
CALT,2024-04-29,15.0,-0.31280961375018934,11
GLAS,2024-07-29,1.55,-0.0034993682934748582,11
JINS,2024-05-20,13.24,-0.22995456719087037,11
UCAR,2024-06-12,27.0,0.011775444055293627,11
CCS,2024-05-20,0.89,-0.02215791384567023,11
ASHO,2024-09-25,15.0,-0.08341535443921022,7
CARS,2024-05-27,4.7,-0.0010337245369146375,10
CFIN,2024-07-01,2.0,-0.04072113179294512,11
CARG,2024-05-29,10.5,0.021614165291120924,11
CTHR,2024-05-29,8.5,-0.005700155426035303,8
CSD,2024-07-01,1.0,-0.03314380802593775,11
LHL,2024-07-01,3.0,-0.010453025324937304,11
JKH,2024-06-03,0.5,-0.025597483487822648,11
CIND,2024-06-28,6.0,-0.06279578842445965,11
HHL,2024-06-28,3.0,-0.029975587505534196,11
LFIN,2024-07-01,3.5,-0.0358893846458852,11
ASIY,2024-06-06,0.25,-0.04051691472363517,11
ALLI,2024-07-01,8.4,-0.07992299127033597,11
CHMX,2024-07-01,2.5,0.02121803679856793,5
CIC,2024-07-01,2.5,-0.04461316446539043,11
CIC,2024-07-01,2.5,-0.04461316446539043,11
LWL,2024-07-01,0.7,-0.03130682309665345,11
PARQ,2024-07-01,0.3,-0.07879260760327411,11
TILE,2024-07-01,0.7,-0.015495576594483196,11
PLR,2024-06-07,0.6,-0.08858416870665853,11
BFL,2024-06-07,2.5,-0.011489668323506619,11
CERA,2024-07-01,1.2,0.020412648739662753,6
ELPL,2024-07-01,5.0,-0.032554708859659165,11
RCL,2024-07-01,0.9,-0.04743974022959452,11
WATA,2024-07-01,7.0,-0.0673784837140311,11
CWM,2024-07-01,8.0,-0.042079663243371535,11
LLUB,2024-06-11,4.0,0.00044353571441246853,11
SUN,2024-07-01,2.0,-0.02156575703223984,11
VLL,2024-06-11,0.3,0.14953653043086856,11
VLL,2024-06-11,0.3,0.14953653043086856,11
CHL,2024-06-11,2.0,-0.023772799716169857,8
CHL,2024-06-11,2.0,-0.023772799716169857,8
RIL,2024-07-01,0.2,-0.09452680239874445,11
UML,2024-07-01,1.5,-0.014030781698272876,11
LIOC,2024-07-02,5.0,-0.051400728945572016,11
TJL,2024-07-01,0.75,-0.015181855725206583,11
BUKI,2024-06-18,3.8,0.02203698113347885,11
CDB,2024-07-19,7.0,-0.06814237292676528,7
CDB,2024-07-19,7.0,-0.06814237292676528,7
COOP,2024-06-25,0.1,-0.04699849107394305,11
DIST,2024-06-26,0.7,-0.058825263159220986,11
MELS,2024-06-26,2.0,-0.030073855099009617,11
HBS,2024-08-16,1.25,-0.12480371263467482,11
VFIN,2024-06-28,2.0,-0.04035880037892936,11
DIMO,2024-07-02,5.0,0.017903019474429183,11
PLC,2024-07-02,0.7,-0.03920264947908114,11
CARE,2024-07-05,1.0,0.006763378937177933,11
SPEN,2024-08-07,4.25,-0.03315146734232044,11
DIPD,2024-07-09,0.25,0.004221226637239783,11
HAYC,2024-07-09,0.6,-0.0004401446157219491,11
MGT,2024-07-09,0.4,0.012462923646153534,11
SINS,2024-07-09,0.15,-0.007892406710502398,11
VONE,2024-07-09,3.0,-0.06048436251668876,11
JAT,2024-07-10,0.2,-0.02179894658744319,11
COCR,2024-08-01,4.0,-0.14423855241234818,11
SFCL,2024-08-06,1.8,0.014929377362412288,2
TKYO,2024-08-23,2.0,-0.02491520237834366,11
TKYO,2024-08-23,2.0,-0.02491520237834366,11
LUMX,2024-08-22,0.25,0.005852624286770025,10
KCAB,2024-08-01,10.0,-0.0003581965621363148,11
APLA,2024-08-05,20.0,-0.06115502542461282,11
BPPL,2024-08-06,0.15,0.08572492605468252,10
CCS,2024-08-07,0.74,0.005041469662710463,11
SOY,2024-09-10,4.7,-0.03718285582974801,11
LLUB,2024-08-08,3.0,-0.016854030860816605,11
BRR,2024-08-22,0.3,-0.012819878373765081,9
CALT,2024-09-06,4.5,-0.07823751418663172,11
RICH,2024-08-14,0.6,0.03335853042250014,11
AEL,2024-08-20,1.0,-0.03706072751519396,11
RFL,2024-08-20,0.5,-0.023923262433724335,9
MCPL,2024-09-27,2.0,-0.09645402732689967,11
TYRE,2024-08-27,6.0,-0.014921805858092663,11
LALU,2024-09-24,1.0,0.002470593939845056,11
ACL,2024-08-30,1.25,-0.020069305307462537,11
SHAW,2024-09-27,1.5,-0.015379039111933834,6
CTBL,2024-09-03,0.44,-0.060707767317926487,11
VPEL,2024-09-04,0.75,-0.031208269827764257,11
RWSL,2024-09-30,0.15,-0.03897483979579097,11
ABAN,2024-09-26,10.0,-0.09181429539554786,11
CABO,2024-09-30,1.0,-0.1169337874637485,10
LPRT,2024-10-01,6.0,0.004356744957592085,10
RCH,2024-09-30,0.75,-0.04418443103682457,7
RENU,2024-09-30,2.0,-0.009396475231554957,8
CARS,2024-09-11,3.84,-0.0476812077202351,8
AMSL,2024-09-26,0.3,-0.11203639460001147,11
ASIR,2024-09-26,1.5,-0.13583799942162023,11
AFS,2024-09-27,0.15,-0.12798222964382588,10
HPFL,2024-09-27,0.7,-0.22230876732629135,11
BUKI,2024-10-03,6.88,-0.004523820654153798,9
ABL,2024-10-09,1.2,-0.06294707443652159,11
DIPD,2024-10-09,0.45,0.000994838277246779,11
HAYC,2024-10-09,1.1,-0.049235594200276456,11
HOPL,2024-10-09,1.7,-0.08401978757415507,11
MGT,2024-10-09,0.85,-0.002431771635385993,11
SINS,2024-10-09,0.18,0.027453756063026802,11
TPL,2024-10-09,2.25,-0.055336272001606956,11
PACK,2024-10-11,0.36,-0.0377527690428926,11
AGPL,2024-10-21,1.0,-0.08893433687593166,11
CARG,2024-10-25,4.8,0.005452313496361549,11
CTHR,2024-10-28,4.0,-0.08492345207718965,11
UCAR,2024-11-01,27.0,-0.024628917793688143,11
SMOT,2024-11-04,5.0,-0.05470979811136434,10
CCS,2024-11-11,1.16,-0.012469838787069754,11
KFP,2024-11-11,0.48,0.007375968716014647,10
VLL,2024-11-13,0.2,-0.056457799060459335,11
VLL,2024-11-13,0.2,-0.056457799060459335,11
JKH,2024-11-14,0.05,-0.08761957096655537,11
PKME,2024-11-14,1.0,0.048129267440753964,11
HHL,2024-11-18,1.0,-0.018015315310829116,11
COMD,2024-11-19,3.0,-0.029436167506831756,11
AGAL,2024-11-21,2.0,-0.011081411672751895,11
WATA,2024-11-21,8.0,-0.103616824833064,11
SUN,2024-11-22,1.5,0.027737441529735674,11
ASIY,2024-11-25,0.22,-0.08262612381618128,11
GLAS,2024-11-25,0.8,-0.008941107183271235,11
GRAN,2024-11-25,15.0,-0.06912962712049608,11
TAFL,2024-11-25,25.0,-0.09688692992929027,11
DIST,2024-11-27,1.0,-0.017206346076646395,11
MELS,2024-11-27,3.0,-0.07719573835605886,11
HPWR,2024-11-28,1.0,-0.0054587366418318295,11
AAIC,2024-12-05,4.5,-0.068966826831796,11
CINV,2024-12-11,0.72,0.03879844861569981,11
GEST,2024-12-11,3.25,-0.11563634138202816,11
GUAR,2024-12-11,1.36,0.0736062310915141,11
CFIN,2024-12-16,2.75,0.15252354597475404,11
AEL,2024-12-17,1.0,0.036294181668205194,11
CDB,2025-01-03,5.0,-0.08326397985907219,11
CDB,2025-01-03,5.0,-0.08326397985907219,11
HPL,2025-01-06,1.0,-0.11522904309791926,11
HAYC,2025-01-09,0.5,-0.029110268192515942,11
HOPL,2025-01-09,0.4,0.0942398140098003,11
MGT,2025-01-09,0.25,0.006191118732902345,11
SINS,2025-01-09,0.25,0.1036410063911336,11
TPL,2025-01-09,2.5,0.038466289082808136,11
DIPD,2025-01-10,0.35,0.033732211192586514,11
FCT,2025-01-17,2.6,-0.15961326515446128,11
GRAN,2025-01-28,8.0,-0.06931919660673491,11
TAFL,2025-01-28,30.0,-0.07415094825330859,11
JAT,2025-02-03,0.6,0.06885366274835691,11
ONAL,2025-02-11,1.6,-0.1399321647263374,11
CCS,2025-02-13,1.51,-0.06221276889086469,11
KFP,2025-02-13,1.97,-0.03673953392716567,11
JKH,2025-02-14,0.05,-0.007761456421099711,11
JKL,2025-02-14,1.0,-0.06432046750375975,11
TSML,2025-02-14,0.21,-0.08014929641658763,9
BPPL,2025-02-18,0.2,-0.03680932300594675,11
LMF,2025-02-20,0.63,0.005033947510568848,11
PLC,2025-02-24,0.7,-0.050674159225353566,11
WIND,2025-02-25,1.0,-0.025617669774197993,11
DIAL,2025-06-13,1.0,0.06968321033543379,11
AGPL,2025-02-27,0.5,0.057483802719164756,11
CFVF,2025-02-27,7.5,-0.12619857640847398,11
PABC,2025-04-01,1.0,0.012388606849755512,11
DIST,2025-02-28,1.0,-0.016227767342525623,11
MELS,2025-02-28,2.6,-0.011772582147733801,11
TJL,2025-02-28,0.75,-0.027616245073130763,11
SAMP,2025-04-01,9.35,-0.0771022183930018,11
DFCC,2025-03-03,4.0,-0.08694626460674304,11
LFIN,2025-03-03,2.25,0.03202021077192663,11
HASU,2025-04-01,3.9,-0.05955529466595011,11
ALLI,2025-03-04,8.0,-0.058963454342856436,11
LITE,2025-03-04,1.5,0.027621665390446637,11
KGAL,2025-03-05,3.5,0.0767322995593317,11
MASK,2025-03-05,4.5,-0.04558598880627118,11
NAMU,2025-03-05,15.0,0.017457490519002472,11
HNB,2025-03-28,15.0,-0.070905794435967,11
HNB,2025-03-28,15.0,-0.070905794435967,11
CTC,2025-03-06,29.1,-0.029659050381859453,11
NTB,2025-03-06,3.25,-0.013515688950996196,11
NTB,2025-03-06,3.25,-0.013515688950996196,11
REXP,2025-03-06,12.0,0.01843707092387814,11
AGAL,2025-03-07,1.5,-0.027062728196078245,11
LLUB,2025-03-07,8.0,-0.021766469445250403,11
COMD,2025-03-28,4.0,0.04075800986904943,10
CSD,2025-04-01,1.1,0.04671178904052198,11
SEYB,2025-04-01,3.5,-0.05812660851286355,11
SEYB,2025-04-01,3.5,-0.05812660851286355,11
BFL,2025-03-11,2.5,0.0031257748344966085,11
COMB,2025-04-01,7.5,-0.060383382292782284,11
COMB,2025-04-01,7.5,-0.060383382292782284,11
UAL,2025-03-11,5.0,-0.16446742129612069,11
NDB,2025-03-12,5.0,-0.052577432478868036,11
PARQ,2025-03-14,1.15,-0.030749751634281508,11
TILE,2025-03-14,1.7,-0.018562360506277353,11
LWL,2025-03-17,1.7,-0.029667557668171085,11
RCL,2025-03-18,1.0,-0.041664049388046576,11
RICH,2025-03-18,0.7,-0.010526940007100083,11
EBCR,2025-03-20,1.5,0.009356646512357125,11
SDF,2025-03-21,0.65,-0.026442280767409287,11
WATA,2025-03-24,1.4,-0.05596928559005454,11
PACK,2025-03-26,0.26,-0.0386733723124808,11
LDEV,2025-04-01,1.0,0.013952487636833544,11
OSEA,2025-04-24,1.35,-0.059245620575287594,11
SLTL,2025-06-27,0.25,-0.06989992359609853,11
ALUM,2025-04-08,0.4,0.03337830459907365,11
DIPD,2025-04-08,0.85,-0.08321059725931645,11
HAYC,2025-04-08,1.6,-0.019819735551355633,11
HOPL,2025-04-08,0.35,0.0002520062445929838,11
KVAL,2025-04-08,2.6,-0.0004902748522811473,11
MGT,2025-04-08,0.35,-0.03769365414592907,11
SINS,2025-04-08,0.4,0.08153020916310338,11
TPL,2025-04-08,2.4,0.013500487898456037,11
HAYL,2025-04-09,6.0,-0.05136941579262688,11
TRAN,2025-04-09,0.5,0.04636589628901089,11
CINS,2025-05-21,51.0,-0.030076757832138923,7
CINS,2025-05-21,51.0,-0.030076757832138923,7
PAP,2025-04-11,0.2,-0.006800776001596787,11
CTC,2025-05-28,17.24,-0.003174136104849068,11
ETWO,2025-04-25,4.1,-0.08987874576579757,11
GLAS,2025-07-23,2.26,-0.024890289963159784,11
CCS,2025-05-22,2.0,0.13005435275843213,11
KFP,2025-05-22,1.15,-0.028959207724493563,11
LION,2025-05-22,28.7,-0.0377432341702969,11
CTC,2025-05-23,32.0,-0.04629560666914634,11
AAF,2025-05-26,0.7,-0.05271637775440763,11
CFI,2025-05-26,1.5,0.13596994661635142,11
CIT,2025-05-26,1.5,0.21215877383664272,11
LIOC,2025-06-20,5.0,-0.06103305478979826,11
UCAR,2025-06-16,36.0,-0.02994807192617277,11
CFIN,2025-07-01,3.75,0.07791159224456035,11
CARG,2025-05-29,11.7,0.06574712927973902,11
CTHR,2025-05-29,10.0,-0.025432930735060144,11
BALA,2025-06-25,1.0,0.007991375440132176,11
CIND,2025-06-27,6.0,-0.05316813361760653,11
AEL,2025-06-02,1.0,0.06323159518706944,11
HHL,2025-06-26,0.7,0.009910467094042419,11
LHL,2025-07-01,3.0,-0.025855898840301816,11
HARI,2025-06-04,40.0,-0.1171927890206178,10
JKL,2025-06-04,1.6,-0.09962174097031662,11
MAL,2025-06-26,0.2,-0.08405152680997674,7
MAL,2025-06-26,0.2,-0.08405152680997674,7
AHPL,2025-06-05,0.5,-0.0239473520401845,11
ASIY,2025-06-05,0.23,-0.10079994175370366,11
JKH,2025-06-05,0.05,0.01483810299993682,11
KHL,2025-06-05,0.1,-0.041207819331183115,11
ASHO,2025-08-12,20.0,-0.0891159759398753,11
CHMX,2025-07-01,2.5,0.07965848096398409,11
LFIN,2025-07-01,4.25,0.08201051568356788,11
PARQ,2025-07-01,0.35,0.17853558133935954,11
TILE,2025-07-01,0.4,-0.0028093430435510713,11
ELPL,2025-06-30,5.5,-0.07356179922033457,11
RCL,2025-07-01,0.6,-0.04892750983816285,11
SUN,2025-06-30,0.6,0.02122850374468488,11
WATA,2025-06-30,1.3,-0.04295435299094563,11
LLUB,2025-06-09,4.0,-0.038992235946376796,11
PLR,2025-06-09,0.6,0.0806981539977355,11
RIL,2025-07-01,0.55,0.1887564799587127,11
UML,2025-06-30,2.0,0.068310274461435,11
CDB,2025-07-01,10.0,0.04939596056207707,11
CDB,2025-07-01,10.0,0.04939596056207707,11
CERA,2025-07-01,8.9,-0.05143548941344955,11
CIC,2025-07-01,2.5,0.1044205241215529,11
CIC,2025-07-01,2.5,0.1044205241215529,11
CWM,2025-06-30,8.0,-0.10536556379234852,11
PKME,2025-07-01,1.3,-0.04032041723706703,11
VLL,2025-06-13,0.35,-0.014348013318493225,11
VLL,2025-06-13,0.35,-0.014348013318493225,11
ALLI,2025-07-01,9.2,0.21131545048473244,11
TJL,2025-06-30,1.6,-0.013697644227019912,11
LHCL,2025-06-18,1.5,0.0023819356334752184,11
SPEN,2025-07-07,4.0,-0.1104306189460541,11
CHL,2025-06-23,4.0,0.06479598395975705,11
CHL,2025-06-23,4.0,0.06479598395975705,11
VFIN,2025-06-23,2.75,0.10771888898026616,11
BOPL,2025-06-26,2.0,-0.07241148418459309,11
BERU,2025-07-16,0.1,-0.03040930930252539,11
MARA,2025-07-22,0.1,-0.06140780361081477,11
SIGV,2025-07-16,3.0,0.20441956044158605,11
JINS,2025-07-02,5.0,-0.09189102883055944,11
LCBF,2025-07-04,0.15,0.04451310116898488,11
SDF,2025-07-08,1.25,-0.058879536712786784,11
SMOT,2025-07-08,10.0,0.6649052145919331,11
HPL,2025-07-09,1.0,-0.08738913837297635,11
TKYO,2025-08-11,2.25,-0.06384421108336202,11
TKYO,2025-08-11,2.25,-0.06384421108336202,11
VONE,2025-07-09,3.0,0.008160767996565399,11
DIPD,2025-07-11,0.25,-0.04540676650954567,11
HAYC,2025-07-11,0.5,-0.033640899720587036,11
MGT,2025-07-11,0.25,-0.012754652768890096,11
SINS,2025-07-11,0.32,0.13070498456561086,11
BREW,2025-07-17,23.85,-0.1130055213056198,10
CINV,2025-07-17,3.0,0.0035178116588765462,11
CTEA,2025-08-01,20.0,-0.031157362894038698,11
BRR,2025-08-11,0.3,-0.014326801393347077,11
SFCL,2025-08-06,2.8,-0.023084818152827702,8
GUAR,2025-07-29,5.5,-0.0006663786112665049,11
SOY,2025-08-28,6.7,-0.01603483141683948,11
APLA,2025-08-06,25.0,0.07189348918141014,11
CCS,2025-08-07,1.0,-0.01425261863963434,11
KFP,2025-08-07,0.37,-0.005398613206912595,10
CARS,2025-08-11,6.39,0.34107824671345555,11
CSLK,2025-08-12,0.28,-0.050367839573186246,11
HARI,2025-09-08,40.0,0.12143963003408798,9
BPPL,2025-08-13,0.25,-0.1262130134058851,11
JKL,2025-08-18,0.45,-0.03790077450799534,11
KCAB,2025-08-18,15.0,-0.014586364293255216,11
HPWR,2025-08-19,0.75,0.025140471138864307,11
AAIC,2025-08-21,4.5,-0.10376177586443158,11
BOGA,2025-08-21,8.0,-0.03556449643625581,11
CTC,2025-08-21,41.0,-0.007399042153836688,11
TYRE,2025-08-25,6.5,-0.10979660452712836,11
DIST,2025-09-02,1.0,-0.011380850077242766,11
MELS,2025-09-02,1.72,-0.007869146988055409,11
HPFL,2025-09-03,0.8,-0.13054882897358655,11
CALT,2025-09-09,4.0,-0.11006850745136176,11
ABAN,2025-09-26,15.0,0.032172559513242716,11
ABL,2025-09-30,1.3,-0.0030197858039692216,11
ACL,2025-09-26,1.5,0.026683730599350475,11
ASIY,2025-11-25,0.23,-0.02359826589861136,11
BFL,2025-11-03,5.0,-0.04782906870087822,11
BOPL,2025-12-11,1.5,-0.10566880280261193,11
CABO,2025-09-23,1.0,-0.03228453187500413,11
CALH,2025-10-14,1.0,-0.0908783525578124,11
CARG,2025-11-17,5.75,-0.01958838642330918,11
CARS,2025-11-28,5.27,0.0025809938928600396,11
CCS,2025-11-12,1.21,-0.023862715725331274,11
CFIN,2025-12-01,2.75,-0.0458531044417223,11
CFLB,2025-09-30,0.25,-0.0029056548454136077,11
CFVF,2025-10-21,7.0,-0.12398519626347071,11
COCR,2025-10-01,6.0,-0.02938320413799267,11
COMD,2025-11-24,3.0,0.038849879202046966,11
CTBL,2025-11-04,0.6,-0.07167259927346037,11
CTC,2025-11-21,37.0,0.028172562658022038,11
CTHR,2025-11-18,4.75,0.005575976917603809,10
DIPD,2025-10-10,0.61,-0.016973888083305466,11
DIST,2025-12-03,1.0,-0.05344948536725047,11
EBCR,2025-11-06,1.0,-0.08837754986806123,11
FCT,2025-10-10,5.0,-0.1870718117075013,11
GREG,2025-11-21,9.75,-0.06246949634654453,11
HAYC,2025-10-10,0.82,0.07496661455448017,11
HHL,2025-11-18,0.25,0.01839489967188046,11
HOPL,2025-10-10,0.69,-0.062145074723351845,11
JKH,2025-11-14,0.1,0.055339700646045875,11
JKL,2025-11-14,0.45,0.016973976993971518,11
KFP,2025-11-10,0.1,0.029434767716764898,11
KVAL,2025-10-10,0.6,-0.05176401365186589,11
LALU,2025-09-23,1.5,-0.020563660442270537,11
LION,2025-11-19,17.0,-0.03375649046783469,11
LITE,2025-11-03,0.75,0.006774024482674723,11
LLUB,2025-11-11,5.0,-0.017455872000164407,11
LPRT,2025-09-30,6.0,-0.031067817313838564,11
MCPL,2025-09-26,3.0,-0.08813960205281934,11
MELS,2025-12-03,2.15,-0.04059344166918566,11
MFPE,2025-11-17,0.1,0.03856019828467283,11
MGT,2025-10-10,0.24,-0.06491409849220442,11
PACK,2025-09-24,0.1,-0.04370746041456863,11
PKME,2025-11-10,1.7,0.03147135729331785,11
RCH,2025-09-23,1.0,-0.0016570186870652481,11
RENU,2025-09-23,4.0,-0.03147430724342093,11
RFL,2025-10-01,1.0,-0.08392385282305403,11
RICH,2025-11-19,0.7,0.019948527565410323,11
RWSL,2025-10-01,0.25,-0.0655125912327279,11
SHAW,2025-09-29,1.5,-0.06288503941915402,9
SINS,2025-10-10,0.36,0.07201638489329476,11
SLND,2025-09-24,15.0,-0.058742891790753315,10
SUN,2025-11-17,0.6,-0.12335396410505728,11
SWAD,2025-09-15,1.5,0.009996848783813128,5
TPL,2025-10-10,1.74,-0.09038432239739647,11
UCAR,2025-10-22,38.0,-0.004652353562632383,11
UML,2025-11-19,2.0,0.1819979402219314,11
VLL,2025-11-19,0.3,0.033196786739473017,11
VLL,2025-11-19,0.3,0.033196786739473017,11
WAPO,2025-09-22,0.3,0.02477394415835721,11
WATA,2025-11-14,1.7,-0.12094523641106136,11
