ticker,security_type,company_name,indexed_price,indexed_quantity,market_cap
AAF,AAF.N0000,ASIA ASSET,53.0,124195533,6582363249.0
AAIC,AAIC.N0000,Softlogic Life,77.6,316406250,24553125000.0
ABAN,ABAN.N0000,ABANS,1247.25,5110560,6374145960.0
ABL,ABL.N0000,AMANA BANK,30.0,551125746,16533772380.0
ACAP,ACAP.N0000,ASIA CAPITAL,6.0,131329995,787979970.0
ACL,ACL.N0000,ACL,89.8,718724160,64541429568.0
ACME,ACME.N0000,ACME,6.4,95000000,608000000.0
AEL,AEL.N0000,ACCESS ENG SL,73.3,1000000000,73300000000.0
AFS,AFS.N0000,ALPHA FIRE,26.5,37950000,1005675000.0
AFSL,AFSL.N0000,ABANS FINANCIAL,69.5,73693171,5121675384.5
AGAL,AGAL.N0000,AGALAWATTE,53.0,156250000,8281250000.0
AGPL,AGPL.N0000,AGARAPATANA,19.8,500000000,9900000000.0
AGST,AGST.N0000,AGSTAR PLC,8.9,461289465,4105476238.5
AHPL,AHPL.N0000,AHOT PROPERTIES,60.0,442775300,26566518000.0
AHUN,AHUN.N0000,A.SPEN.HOT.HOLD.,113.25,336290010,38084843632.5
AINS,AINS.N0000,ARPICO INSURANCE,36.4,66230407,2410786814.8
ALHP,ALHP.N0000,ANILANA HOTELS,0.9,1281320814,1153188732.6
ALLI,ALLI.N0000,ALLIANCE,353.5,33696000,11911536000.0
ALUM,ALUM.N0000,ALUMEX PLC,20.4,598605680,12211555872.0
AMCL,AMCL.N0000,CAPITAL LEASING,22.4,20000000,448000000.0
AMF,AMF.N0000,AMF CO LTD,69.8,113327268,7910243306.4
AMSL,AMSL.N0000,ASIRI SURG,13.7,528457545,7239868366.5
APLA,APLA.N0000,ACL PLASTICS,191.5,42125000,8066937500.0
ASCO,ASCO.N0000,LANKA REALTY,38.9,211370428,8222309649.2
ASHO,ASHO.N0000,LANKA ASHOK,3801.0,3620843,13762824243.0
ASIR,ASIR.N0000,ASIRI,30.0,1137533596,34126007880.0
ASIY,ASIY.N0000,ASIA SIYAKA,9.5,260000000,2470000000.0
ASPH,ASPH.N0000,INDUSTRIAL ASPH.,0.4,3749411250,1499764500.0
ATL,ATL.N0000,AMANA TAKAFUL,24.9,246655997,6141734325.3
ATLL,ATLL.N0000,AMANA LIFE,35.1,50000000,1755000000.0
AUTO,AUTO.N0000,AUTODROME,210.0,12000000,2520000000.0
BALA,BALA.N0000,BALANGODA,71.2,47272726,3365818091.2
BBH,BBH.N0000,BROWNS BEACH,25.8,129600000,3343680000.0
BERU,BERU.N0000,BERUWALA RESORTS,3.8,700544295,2662068321.0
BFL,BFL.N0000,BAIRAHA FARMS,83.5,88000000,7348000000.0
BFN,BFN.N0000,ORIENT FINANCE,39.1,211101155,8254055160.5
BIL,BIL.N0000,BROWNS INVSTMNTS,6.6,14369717460,94840135236.0
BLI,BLI.N0000,BIMPUTH LANKA,7.2,107733344,775680076.8
BLUE,BLUE.N0000,BLUE DIAMONDS,0.3,699524300,209857290.0
BOGA,BOGA.N0000,BOGALA GRAPHITE,158.5,94632904,14999315284.0
BOPL,BOPL.N0000,BOGAWANTALAWA,77.5,83750000,6490625000.0
BPPL,BPPL.N0000,BPPL HOLDINGS,20.0,306843357,6136867140.0
BREW,BREW.N0000,CEYLON BEVERAGE,2556.0,20988090,53645558040.0
BRR,BRR.N0000,BANSEI RESORTS,22.7,53728000,1219625600.0
BRWN,BRWN.N0000,BROWNS,162.0,212625000,34445250000.0
BUKI,BUKI.N0000,BUKIT DARAH,1030.0,102000000,105060000000.0
CABO,CABO.N0000,CARGO BOAT,165.0,18031995,2975279175.0
CALF,CALF.N0000,DIALOG FINANCE,93.7,117399866,11000367444.2
CALH,CALH.N0000,CAL HOLDINGS PLC,17.9,2072049345,37089683275.5
CALT,CALT.N0000,CALT,52.8,329417884,17393264275.2
CARE,CARE.N0000,PRINTCARE PLC,53.5,85966670,4599216845.0
CARG,CARG.N0000,CARGILLS,767.0,257677731,197638819677.0
CARS,CARS.N0000,CARSONS,755.0,196386914,148272120070.0
CBNK,CBNK.N0000,CARGILLS BANK,9.6,945642858,9078171436.8
CCS,CCS.N0000,COLD STORES,109.0,950400000,103593600000.0
CDB,CDB.N0000,CDB,382.5,61374456,23475729420.0
CERA,CERA.N0000,LANKA CERAMIC,170.25,6000000,1021500000.0
CFI,CFI.N0000,CFI,410.0,8853693,3630014130.0
CFIN,CFIN.N0000,CENTRAL FINANCE,268.0,227354462,60930995816.0
CFLB,CFLB.N0000,FORT LAND,80.0,240000000,19200000000.0
CFVF,CFVF.N0000,FIRST CAPITAL,62.1,405000000,25150500000.0
CHL,CHL.N0000,DURDANS,270.0,31762723,8575935210.0
CHMX,CHMX.N0000,CHEMANEX,167.25,16152353,2701481039.25
CHOT,CHOT.N0000,HOTELS CORP.,42.5,180030942,7651315035.0
CHOU,CHOU.N0000,CITY HOUSING,3.6,13379850,48167460.0
CIC,CIC.N0000,CIC,34.8,1458000000,50738400000.0
CIND,CIND.N0000,CENTRAL IND.,255.5,24195193,6181871811.5
CINS,CINS.N0000,CEYLINCO HOLD,3200.0,20000000,64000000000.0
CINV,CINV.N0000,CEYLON INV.,124.0,97200743,12052892132.0
CIT,CIT.N0000,CIT,477.75,7148780,3415329645.0
CITH,CITH.N0000,CITRUS HIKKADUWA,4.1,542663531,2224920477.1
CITW,CITW.N0000,CITRUS WASKADUWA,2.0,936683988,1873367976.0
CLND,CLND.N0000,COLOMBO LAND,46.5,199881008,9294466872.0
COCO,COCO.N0000,RENUKA FOODS,52.2,180005317,9396277547.4
COCR,COCR.N0000,COM.CREDIT,126.25,318074365,40156888581.25
COLO,COLO.N0000,C M HOLDINGS,55.0,152000000,8360000000.0
COMB,COMB.N0000,COMMERCIAL BANK,200.75,1539161949,308986761261.75
COMD,COMD.N0000,COMMERCIAL DEV.,278.0,12000000,3336000000.0
CONN,CONN.N0000,HAYLEYS LEISURE,39.3,107989958,4244005349.4
COOP,COOP.N0000,COOP INSURANCE,4.4,1652177600,7269581440.0
CPRT,CPRT.N0000,CEYLON PRINTERS,670.0,600170,402113900.0
CRL,CRL.N0000,SOFTLOGIC FIN,5.6,962573191,5390409869.6
CSD,CSD.N0000,SEYLAN DEVTS,30.1,139688298,4204617769.8
CSF,CSF.N0000,NATION LANKA,0.1,6996774035,699677403.5
CSLK,CSLK.N0000,CABLE SOLUTIONS,14.8,470666600,6965865680.0
CTBL,CTBL.N0000,CEYLON TEA BRKRS,8.9,182400000,1623360000.0
CTC,CTC.N0000,CEYLON TOBACCO,1725.5,187323751,323227132350.5
CTEA,CTEA.N0000,DILMAH CEYLON,1198.25,20737500,24848709375.0
CTHR,CTHR.N0000,C T HOLDINGS,670.0,201406978,134942675260.0
CTLD,CTLD.N0000,C T LAND,37.2,81250000,3022500000.0
CWL,CWL.N0000,CHRISSWORLD,12.8,30000000,384000000.0
CWM,CWM.N0000,C.W.MACKIE,151.25,35988556,5443269095.0
DFCC,DFCC.N0000,DFCC BANK PLC,148.0,438404250,64883829000.0
DIAL,DIAL.N0000,DIALOG,29.8,9200334994,274169982821.2
DIMO,DIMO.N0000,DIMO,2016.25,9231494,18612999777.5
DIPD,DIPD.N0000,DIPPED PRODUCTS,61.1,598615120,36575383832.0
DIST,DIST.N0000,DISTILLERIES,59.0,4600000000,271400000000.0
DOCK,DOCK.N0000,DOCKYARD,177.5,395224082,70152274555.0
DPL,DPL.N0000,DANKOTUWA PORCEL,17.2,162552920,2795910224.0
EAST,EAST.N0000,EAST WEST,68.9,138240000,9524736000.0
EBCR,EBCR.N0000,E B CREASY,64.8,278900380,18072744624.0
ECL,ECL.N0000,E - CHANNELLING,15.8,122131415,1929676357.0
EDEN,EDEN.N0000,EDEN HOTEL LANKA,13.6,1584000000,21542400000.0
ELPL,ELPL.N0000,ELPITIYA,164.0,72866428,11950094192.0
EMER,EMER.N0000,EASTERN MERCHANT,10.7,117446000,1256672200.0
EML,EML.N0000,EML CONSULTANTS,4.6,90900000,418140000.0
ETWO,ETWO.N0000,EQUITY TWO PLC,71.8,31000000,2225800000.0
EXT,EXT.N0000,EXTERMINATORS,7.0,52852459,369967213.0
FCT,FCT.N0000,FC TREASURIES,37.5,615600000,23085000000.0
GEST,GEST.N0000,GESTETNER,222.5,2657812,591363170.0
GHLL,GHLL.N0000,GALADARI,18.5,500829564,9265346934.0
GLAS,GLAS.N0000,PGP GLASS,54.9,950086080,52159725792.0
GRAN,GRAN.N0000,GRAIN ELEVATORS,400.0,60000000,24000000000.0
GREG,GREG.N0000,AMBEON HOLDINGS,154.5,356869666,55136363397.0
GUAR,GUAR.N0000,CEYLON GUARDIAN,265.0,80057991,21215367615.0
HAPU,HAPU.N0000,HAPUGASTENNE,53.0,46315789,2454736817.0
HARI,HARI.N0000,HARISCHANDRA,5090.25,1919600,9771243900.0
HASU,HASU.N0000,HNB ASSURANCE,114.75,150000000,17212500000.0
HAYC,HAYC.N0000,HAYCARB,106.75,297123750,31717960312.5
HAYL,HAYL.N0000,HAYLEYS,195.75,750000000,146812500000.0
HBS,HBS.N0000,hSENID BIZ,17.5,285254759,4991958282.5
HDFC,HDFC.N0000,HDFC,57.9,64710520,3746739108.0
HELA,HELA.N0000,HELA,3.1,1636746787,5073915039.7
HEXP,HEXP.N0000,HAYLEYS FIBRE,91.6,24000000,2198400000.0
HHL,HHL.N0000,HEMAS HOLDINGS,34.7,2993105150,103860748705.0
HNB,HNB.N0000,HNB,398.5,455968474,181703436889.0
HNBF,HNBF.N0000,HNB FINANCE,7.5,1717501587,12881261902.5
HOPL,HOPL.N0000,HORANA,52.7,25000000,1317500000.0
HPFL,HPFL.N0000,LOTUS HYDRO,13.8,109088112,1505415945.6
HPL,HPL.N0000,HATTON,25.9,236666671,6129666778.9
HPWR,HPWR.N0000,RESUS ENERGY,46.8,86184827,4033449903.6
HSIG,HSIG.N0000,HOTEL SIGIRIYA,100.0,17577000,1757700000.0
HUNA,HUNA.N0000,HUNAS HOLDINGS,20.3,849030000,17235309000.0
HUNT,HUNT.N0000,HUNTERS,1240.0,5145000,6379800000.0
HVA,HVA.N0000,HVA FOODS,3.4,244526188,831389039.2
INME,INME.N0000,INSUREME,1815.25,2055290,3730865172.5
JAT,JAT.N0000,JAT HOLDINGS,48.2,521725550,25147171510.0
JETS,JETS.N0000,JETWING SYMPHONY,20.1,602188559,12103990035.9
JFP,JFP.N0000,JF PACKAGING LTD,14.7,172130944,2530324876.8
JINS,JINS.N0000,JANASHAKTHI INS.,129.5,226526153,29335136813.5
JKH,JKH.N0000,JKH,21.7,17688350775,383837211817.5
JKL,JKL.N0000,JOHN KEELLS,85.0,60800000,5168000000.0
KAHA,KAHA.N0000,KAHAWATTE,20.6,99406691,2047777834.6
KCAB,KCAB.N0000,KELANI CABLES,127.25,218000000,27740500000.0
KDL,KDL.N0000,KELSEY,21.5,17429274,374729391.0
KFP,KFP.N0000,KEELLS FOOD,171.0,25500000,4360500000.0
KGAL,KGAL.N0000,KEGALLE,135.0,25000000,3375000000.0
KHC,KHC.N0000,KANDY HOTELS,18.6,754309253,14030152105.8
KHL,KHL.N0000,KEELLS HOTELS,22.9,1456146780,33345761262.0
KOTA,KOTA.N0000,KOTAGALA,10.1,423140625,4273720312.5
KPHL,KPHL.N0000,KAPRUKA,11.0,164130360,1805433960.0
KVAL,KVAL.N0000,KELANI VALLEY,92.0,68000000,6256000000.0
KZOO,KZOO.N0000,CEYLON LAND,11.0,307078367,3377862037.0
LALU,LALU.N0000,LANKA ALUMINIUM,48.9,68514115,3350340223.5
LAMB,LAMB.N0000,KOTMALE HOLDINGS,1326.75,31400000,41659950000.0
LCBF,LCBF.N0000,LCB FINANCE PLC,8.1,790168780,6400367118.0
LCEY,LCEY.N0000,LANKEM CEYLON,40.5,137255352,5558841756.0
LDEV,LDEV.N0000,LANKEM DEV.,23.0,160000000,3680000000.0
LFIN,LFIN.N0000,LB FINANCE,155.25,554057136,86017370364.0
LGIL,LGIL.N0000,LOLC GENERAL INS,8.0,1200000000,9600000000.0
LGL,LGL.N0000,LAUGFS GAS,71.7,335000086,24019506166.2
LHCL,LHCL.N0000,LANKA HOSPITALS,106.0,223732169,23715609914.0
LHL,LHL.N0000,LIGHTHOUSE HOTEL,82.0,46000000,3772000000.0
LIOC,LIOC.N0000,LANKA IOC,129.0,532465705,68688075945.0
LION,LION.N0000,LION  BREWERY,1693.75,80000000,135500000000.0
LITE,LITE.N0000,LAXAPANA,55.0,66224939,3642371645.0
LLUB,LLUB.N0000,CHEVRON,184.0,240000000,44160000000.0
LMF,LMF.N0000,LMF,67.8,399980000,27118644000.0
LOFC,LOFC.N0000,LOLC FINANCE,5.7,29560147161,168492838817.7
LOLC,LOLC.N0000,L O L C HOLDINGS,560.0,475200000,266112000000.0
LPL,LPL.N0000,LAUGFS POWER,14.0,335000086,4690001204.0
LPRT,LPRT.N0000,LAKE HOUSE PRIN.,460.0,2937245,1351132700.0
LUMX,LUMX.N0000,LUMINEX,6.8,271250000,1844500000.0
LVEF,LVEF.N0000,LVL ENERGY,9.9,698733742,6917464045.8
LVEN,LVEN.N0000,LANKA VENTURES,69.8,58324932,4071080253.6
LWL,LWL.N0000,LANKA WALLTILE,50.0,273000000,13650000000.0
MADU,MADU.N0000,MADULSIMA,12.0,169501097,2034013164.0
MAL,MAL.N0000,MALWATTE,59.6,202792331,12086422927.6
MARA,MARA.N0000,MARAWILA RESORTS,7.2,351923389,2533848400.8
MASK,MASK.N0000,MASKELIYA,81.1,53953489,4375627957.9
MBSL,MBSL.N0000,MERCHANT BANK,12.7,524539637,6661653389.9
MCPL,MCPL.N0000,MAHAWELI COCONUT,52.4,34996115,1833796426.0
MDL,MDL.N0000,MYLAND,18.6,36250000,674250000.0
MEL,MEL.N0000,GREENTECH ENERGY,4.1,100000000,410000000.0
MELS,MELS.N0000,MELSTACORP,174.0,1165397072,202779090528.0
MERC,MERC.N0000,MERCANTILE INV,37.2,601200000,22364640000.0
MFPE,MFPE.N0000,MAHARAJA FOODS,13.1,125000000,1637500000.0
MGT,MGT.N0000,HAYLEYS FABRIC,40.7,415481776,16910108283.2
MHDL,MHDL.N0000,MILLENNIUM HOUSE,6.6,134681320,888896712.0
MRH,MRH.N0000,MAHAWELI REACH,19.3,47066447,908382427.1
MSL,MSL.N0000,MERC. SHIPPING,525.0,2844990,1493619750.0
MULL,MULL.N0000,MULLERS,2.1,283000000,594300000.0
NAMU,NAMU.N0000,NAMUNUKULA,650.0,23750000,15437500000.0
NDB,NDB.N0000,NAT. DEV. BANK,141.25,426889457,60298135801.25
NEH,NEH.N0000,NUWARA ELIYA,4500.0,2186040,9837180000.0
NHL,NHL.N0000,NAWALOKA,10.3,1409505596,14517907638.8
NTB,NTB.N0000,NATIONS TRUST,313.0,286015907,89522978891.0
ODEL,ODEL.N0000,ODEL PLC,11.7,538369934,6298928227.8
OFEQ,OFEQ.N0000,OFFICE EQUIPMENT,295.5,833560,246316980.0
ONAL,ONAL.N0000,ON'ALLY,41.1,93003087,3822426875.7
OSEA,OSEA.N0000,OVERSEAS REALTY,38.7,1243029582,48105244823.4
PABC,PABC.N0000,PAN ASIA,59.9,442561629,26509441577.1
PACK,PACK.N0000,EX-PACK,14.1,333333333,4699999995.3
PALM,PALM.N0000,PALM GARDEN HOTL,66.9,475937000,31840185300.0
PAP,PAP.N0000,PANASIAN POWER,25.4,625000000,15875000000.0
PARA,PARA.N0000,PARAGON,178.0,1000280,178049840.0
PARQ,PARQ.N0000,SWISSTEK,92.6,136860000,12673236000.0
PEG,PEG.N0000,PEGASUS HOTELS,50.1,42210470,2114744547.0
PHAR,PHAR.N0000,COLOMBO CITY,126.0,25457140,3207599640.0
PINS,PINS.N0000,PEOPLE'S INS,32.5,203632478,6618055535.0
PKME,PKME.N0000,PICKME,149.25,333323673,49748558195.25
PLC,PLC.N0000,PEOPLES LEASING,25.0,2209867246,55246681150.0
PLR,PLR.N0000,PRIMERESIDENCIES,33.2,937500000,31125000000.0
PMB,PMB.N0000,PEOPLE'S MERCH,14.0,405301750,5674224500.0
RAL,RAL.N0000,RENUKA AGRI,12.2,798829305,9745717521.0
RCH,RCH.N0000,RENUKA HOTELS,241.0,40297530,9711704730.0
RCL,RCL.N0000,ROYAL CERAMIC,46.0,1107893840,50963116640.0
REEF,REEF.N0000,CITRUS LEISURE,4.3,645584677,2776014111.1
RENU,RENU.N0000,RENUKA CITY HOT.,850.0,7000000,5950000000.0
REXP,REXP.N0000,RICH PIERIS EXP,397.25,11163745,4434797701.25
RFL,RFL.N0000,RAMBODA FALLS,37.8,20000000,756000000.0
RGEM,RGEM.N0000,RADIANT GEMS,97.9,2400000,234960000.0
RHL,RHL.N0000,RENUKA HOLDINGS,48.9,165488271,8092376451.9
RHTL,RHTL.N0000,FORTRESS RESORTS,29.5,110886684,3271157178.0
RICH,RICH.N0000,RICHARD PIERIS,42.5,2035038275,86489126687.5
RIL,RIL.N0000,R I L PROPERTY,32.2,800000000,25760000000.0
RPBH,RPBH.N0000,ROYAL PALMS,61.3,50000000,3065000000.0
RWSL,RWSL.N0000,RAIGAM SALTERNS,26.4,282207320,7450273248.0
SAMP,SAMP.N0000,SAMPATH,146.5,1172700760,171800661340.0
SCAP,SCAP.N0000,SOFTLOGIC CAP,5.1,977187200,4983654720.0
SDB,SDB.N0000,SANASA DEV. BANK,58.1,164166494,9538073301.4
SDF,SDF.N0000,SARVODAYA DEVFIN,41.9,149596052,6268074578.8
SEMB,SEMB.N0000,S M B FINANCE,0.7,6470375048,4529262533.6
SERV,SERV.N0000,KINGSBURY,21.5,484000000,10406000000.0
SEYB,SEYB.N0000,SEYLAN BANK,105.0,305236937,32049878385.0
SFCL,SFCL.N0000,SENKADAGALA,1315.25,86279834,113479551668.5
SFIN,SFIN.N0000,SINGER FINANCE,57.3,277851853,15920911176.9
SHAW,SHAW.N0000,LEE HEDGES,228.0,25602730,5837422440.0
SHL,SHL.N0000,SOFTLOGIC,5.9,1395257979,8232022076.1
SHOT,SHOT.N0000,SERENDIB HOTELS,22.5,302058952,6796326420.0
SIGV,SIGV.N0000,SIGIRIYA VILLAGE,139.75,9000000,1257750000.0
SIL,SIL.N0000,SAMSON INTERNAT.,348.25,4232771,1474062500.75
SING,SING.N0000,STANDARD CAPITAL,50.9,5540828,282028145.2
SINH,SINH.N0000,SINGHE HOSPITALS,10.5,431300895,4528659397.5
SINS,SINS.N0000,SINGER SRI LANKA,87.7,1167617912,102400090882.4
SIRA,SIRA.N0000,SIERRA  CABL,35.3,537512430,18974188779.0
SLND,SLND.N0000,SERENDIB LAND,1710.25,398906,682228986.5
SLTL,SLTL.N0000,SLT,82.5,1804860000,148900950000.0
SMOT,SMOT.N0000,SATHOSA MOTORS,1649.75,6033622,9953967894.5
SOY,SOY.N0000,CONVENIENCE FOOD,2215.5,2750000,6092625000.0
SPEN,SPEN.N0000,AITKEN SPENCE,156.25,405996045,63436882031.25
STAF,STAF.N0000,DOLPHIN HOTELS,59.2,63242954,3743982876.8
SUN,SUN.N0000,SUNSHINE HOLDING,35.1,1967894516,69073097511.6
SWAD,SWAD.N0000,SWADESHI,15000.0,149333,2239995000.0
TAFL,TAFL.N0000,THREE ACRE FARMS,592.25,23545000,13944526250.0
TAJ,TAJ.N0000,TAL LANKA,40.9,171866018,7029320136.2
TANG,TANG.N0000,TANGERINE,124.0,20000000,2480000000.0
TAP,TAP.N0000,AMBEON CAPITAL,39.6,1002724815,39707902674.0
TESS,TESS.N0000,TESS AGRO,1.5,677063049,1015594573.5
TILE,TILE.N0000,LANKA TILES,49.9,265252050,13236077295.0
TJL,TJL.N0000,TEEJAY LANKA,34.9,721457738,25178875056.2
TKYO,TKYO.N0000,TOKYO CEMENT,113.5,294030000,33372405000.0
TPL,TPL.N0000,TALAWAKELLE,147.0,47500000,6982500000.0
TRAN,TRAN.N0000,TRANS ASIA,58.0,200000000,11600000000.0
TSML,TSML.N0000,TEA SMALLHOLDER,46.5,30000000,1395000000.0
TYRE,TYRE.N0000,KELANI TYRES,89.6,80400000,7203840000.0
UAL,UAL.N0000,UNION ASSURANCE,77.3,589285720,45551786156.0
UBC,UBC.N0000,UNION BANK,14.9,1083558338,16145019236.2
UBF,UBF.N0000,UB FINANCE,3.1,3178485367,9853304637.7
UCAR,UCAR.N0000,UNION CHEMICALS,1385.0,1500000,2077500000.0
UDPL,UDPL.N0000,UDAPUSSELLAWA,171.5,19398850,3326902775.0
UML,UML.N0000,UNITED MOTORS,305.0,100900626,30774690930.0
VFIN,VFIN.N0000,VALLIBEL FINANCE,104.5,235453400,24604880300.0
VLL,VLL.N0000,VIDULLANKA,23.0,951421699,21882699077.0
VONE,VONE.N0000,VALLIBEL ONE,98.8,1138915644,112524865627.2
VPEL,VPEL.N0000,VALLIBEL,14.8,747109731,11057224018.8
WAPO,WAPO.N0000,GALLE FACE CAP,98.0,29582029,2899038842.0
WATA,WATA.N0000,WATAWALA,46.7,1016543165,47472565805.5
WIND,WIND.N0000,WINDFORCE,46.3,1352583889,62624634060.7
YORK,YORK.N0000,YORK ARCADE,892.5,750000,669375000.0
